Brand,Model,Price,Rating,Reviews,RAM(GB),ROM(GB),Battery(mAh),Screen_Size(inch),Camera
Samsung,Samsung Galaxy F07,"₹6,799",4.3,815 Ratings & 48 Reviews,4.0,64.0,5000,6.7,50MP
Samsung,Samsung Galaxy A35 5G,"₹21,999",4.4,"56,687 Ratings & 3,337 Reviews",8.0,128.0,5000,6.6,50MP
Samsung,Samsung Galaxy F16 5G,"₹11,499",4.2,"9,343 Ratings & 541 Reviews",6.0,128.0,5000,6.657,50MP
Samsung,Samsung M06 5G,"₹8,914",4.0,677 Ratings & 47 Reviews,4.0,128.0,5000,6.7,50MP
Samsung,Samsung Galaxy A35 5G,"₹21,999",4.4,"56,687 Ratings & 3,337 Reviews",8.0,128.0,5000,6.6,50MP
Samsung,Samsung Galaxy A35 5G,"₹23,999",4.4,"56,687 Ratings & 3,337 Reviews",8.0,256.0,5000,6.6,50MP
Samsung,Samsung Galaxy A35 5G,"₹21,999",4.4,"56,687 Ratings & 3,337 Reviews",8.0,128.0,5000,6.6,50MP
Samsung,Samsung Galaxy A35 5G,"₹23,999",4.4,"56,687 Ratings & 3,337 Reviews",8.0,256.0,5000,6.6,50MP
Samsung,Samsung Galaxy A55 5G,"₹24,807",4.4,"4,768 Ratings & 296 Reviews",8.0,128.0,5000,6.6,50MP
Samsung,Samsung M06 5G,"₹8,976",4.0,677 Ratings & 47 Reviews,4.0,128.0,5000,6.7,50MP
Samsung,Samsung Galaxy S24 FE 5G,"₹31,999",4.5,"63,968 Ratings & 4,074 Reviews",8.0,128.0,4700,6.7,50MP
Samsung,Samsung Galaxy S24 FE 5G,"₹35,999",4.5,"63,968 Ratings & 4,074 Reviews",8.0,256.0,4700,6.7,50MP
Samsung,Samsung Galaxy F06 5G,"₹8,999",4.1,"34,383 Ratings & 2,062 Reviews",4.0,64.0,5000,6.7,50MP
Samsung,Samsung Galaxy F06 5G,"₹9,999",4.1,"34,383 Ratings & 2,062 Reviews",4.0,128.0,5000,6.7,50MP
Samsung,Samsung Galaxy A06,"₹8,799",4.1,337 Ratings & 21 Reviews,4.0,128.0,5000,6.7,50MP
Samsung,Samsung M36 5G,"₹14,563",4.2,885 Ratings & 44 Reviews,6.0,128.0,5000,6.7,50MP
Samsung,Samsung Galaxy S24 FE 5G,"₹31,999",4.5,"63,968 Ratings & 4,074 Reviews",8.0,128.0,4700,6.7,50MP
Samsung,Samsung Galaxy A16 5G,"₹14,032",4.2,"3,623 Ratings & 157 Reviews",6.0,128.0,5000,6.7,50MP
Samsung,Samsung Galaxy F16 5G,"₹13,499",4.2,"3,237 Ratings & 200 Reviews",8.0,128.0,5000,6.657,50MP
Samsung,Samsung M06 5G,"₹10,583",3.9,466 Ratings & 30 Reviews,6.0,128.0,5000,6.7,50MP
Samsung,Samsung Galaxy F06 5G,"₹8,999",4.1,"34,383 Ratings & 2,062 Reviews",4.0,64.0,5000,6.7,50MP
Samsung,Samsung Galaxy F36 5G,"₹15,999",4.3,"7,196 Ratings & 411 Reviews",6.0,128.0,5000,6.7,50MP
Samsung,Samsung Galaxy A35 5G,"₹23,999",4.4,"56,687 Ratings & 3,337 Reviews",8.0,256.0,5000,6.6,50MP
Samsung,Samsung Galaxy S24 FE 5G,"₹31,999",4.5,"63,968 Ratings & 4,074 Reviews",8.0,128.0,4700,6.7,50MP
Samsung,Samsung Galaxy A55 5G,"₹26,807",4.4,"4,768 Ratings & 296 Reviews",8.0,256.0,5000,6.6,50MP
Samsung,Samsung Galaxy A06 5G,"₹8,877",4.1,"2,009 Ratings & 127 Reviews",4.0,64.0,5000,6.7,50MP
Samsung,Samsung Galaxy M35 5G,"₹19,995",4.3,"5,353 Ratings & 346 Reviews",8.0,256.0,6000,6.6,50MP
Samsung,Samsung Galaxy A55 5G,"₹26,782",4.4,"4,768 Ratings & 296 Reviews",8.0,256.0,5000,6.6,50MP
Samsung,Samsung Galaxy F05,"₹6,499",4.2,"75,205 Ratings & 4,067 Reviews",4.0,64.0,5000,6.74,50MP
Samsung,Samsung Galaxy F06 5G,"₹9,999",4.1,"34,383 Ratings & 2,062 Reviews",4.0,128.0,5000,6.7,50MP
Samsung,Samsung Galaxy F06 5G,"₹11,499",4.2,"17,170 Ratings & 1,077 Reviews",6.0,128.0,5000,6.7,50MP
Samsung,Samsung Galaxy F36 5G,"₹15,999",4.3,"7,196 Ratings & 411 Reviews",6.0,128.0,5000,6.7,50MP
Samsung,Samsung Galaxy F06 5G,"₹11,499",4.2,"17,170 Ratings & 1,077 Reviews",6.0,128.0,5000,6.7,50MP
Samsung,Samsung Galaxy F36 5G,"₹20,499",4.2,"3,615 Ratings & 257 Reviews",8.0,256.0,5000,6.7,50MP
Samsung,Samsung Galaxy F16 5G,"₹13,499",4.2,"3,237 Ratings & 200 Reviews",8.0,128.0,5000,6.657,50MP
Samsung,Samsung Galaxy F36 5G,"₹20,499",4.2,"3,615 Ratings & 257 Reviews",8.0,256.0,5000,6.7,50MP
Samsung,Samsung M36 5G,"₹14,898",4.2,885 Ratings & 44 Reviews,6.0,128.0,5000,6.7,50MP
Samsung,Samsung Galaxy A06 5G,"₹9,049",4.1,"2,009 Ratings & 127 Reviews",4.0,64.0,5000,6.7,50MP
Samsung,Samsung Galaxy A16 5G,"₹13,812",4.2,"3,623 Ratings & 157 Reviews",6.0,128.0,5000,6.7,50MP
Samsung,Samsung Galaxy A55 5G,"₹25,099",4.4,"4,768 Ratings & 296 Reviews",8.0,128.0,5000,6.6,50MP
Samsung,Samsung M06 5G,"₹10,770",3.9,466 Ratings & 30 Reviews,6.0,128.0,5000,6.7,50MP
Samsung,Samsung Galaxy M16 5G,"₹12,379",4.1,466 Ratings & 15 Reviews,4.0,128.0,5000,6.7,50MP
Samsung,Samsung M05,"₹7,489",4.3,"3,870 Ratings & 162 Reviews",4.0,64.0,5000,6.7,50MP
Samsung,Samsung Galaxy M17 5G,"₹13,479",4.0,5 Ratings & 0 Reviews,4.0,128.0,5000,6.7,50MP
Samsung,Samsung M36 5G,"₹14,291",4.2,885 Ratings & 44 Reviews,6.0,128.0,5000,6.7,50MP
Samsung,Samsung Galaxy M35 5G,"₹17,145",4.3,"5,353 Ratings & 346 Reviews",8.0,128.0,6000,6.6,50MP
Samsung,Samsung Galaxy M35 5G,"₹17,694",4.3,"5,353 Ratings & 346 Reviews",8.0,128.0,6000,6.6,50MP
Samsung,Samsung Galaxy S24 5G Snapdragon,"₹46,999",4.6,"40,380 Ratings & 2,243 Reviews",8.0,256.0,4000,6.2,50MP
Samsung,Samsung M36 5G,"₹14,292",4.2,885 Ratings & 44 Reviews,6.0,128.0,5000,6.7,50MP
Samsung,Samsung Galaxy M35 5G,"₹17,695",4.3,"5,353 Ratings & 346 Reviews",8.0,128.0,6000,6.6,50MP
Samsung,Samsung Galaxy S24 FE 5G,"₹35,999",4.5,"63,968 Ratings & 4,074 Reviews",8.0,256.0,4700,6.7,50MP
Samsung,Samsung Galaxy S25 Plus 5G,"₹74,999",4.7,80 Ratings & 15 Reviews,12.0,256.0,4900,6.7,50MP
Samsung,Samsung M36 5G,"₹16,078",4.1,169 Ratings & 6 Reviews,8.0,128.0,5000,6.7,50MP
Samsung,Samsung M36 5G,"₹16,850",4.1,169 Ratings & 6 Reviews,8.0,128.0,5000,6.7,50MP
Samsung,Samsung Galaxy F16 5G,"₹13,499",4.2,"3,237 Ratings & 200 Reviews",8.0,128.0,5000,6.657,50MP
Samsung,Samsung Galaxy M17 5G,"₹13,534",4.0,5 Ratings & 0 Reviews,4.0,128.0,5000,6.7,50MP
Samsung,Samsung Galaxy A16 5G,"₹13,995",4.2,"3,623 Ratings & 157 Reviews",6.0,128.0,5000,6.7,50MP
Samsung,Samsung Galaxy S24 FE 5G,"₹35,999",4.5,"63,968 Ratings & 4,074 Reviews",8.0,256.0,4700,6.7,50MP
Samsung,Samsung Galaxy S24 5G Snapdragon,"₹45,999",4.6,"40,380 Ratings & 2,243 Reviews",8.0,256.0,4000,6.2,50MP
Samsung,Samsung Galaxy F36 5G,"₹17,499",4.2,"3,615 Ratings & 257 Reviews",8.0,128.0,5000,6.7,50MP
Samsung,Samsung Galaxy A55 5G,"₹33,473",4.3,623 Ratings & 47 Reviews,12.0,256.0,5000,6.6,50MP
Samsung,Samsung Galaxy A06,"₹8,768",4.1,337 Ratings & 21 Reviews,4.0,128.0,5000,6.7,50MP
Samsung,Samsung Galaxy A06,"₹7,774",4.1,337 Ratings & 21 Reviews,4.0,64.0,5000,6.7,50MP
Samsung,Samsung Galaxy M35 5G,"₹17,459",4.3,"5,353 Ratings & 346 Reviews",8.0,128.0,6000,6.6,50MP
Samsung,Samsung Galaxy A06 5G,"₹9,497",4.1,"2,009 Ratings & 127 Reviews",4.0,64.0,5000,6.7,50MP
Samsung,Samsung Galaxy M16 5G,"₹13,013",4.2,"1,062 Ratings & 54 Reviews",6.0,128.0,5000,6.7,50MP
Samsung,Samsung Galaxy A17 5G,"₹21,239",4.3,157 Ratings & 8 Reviews,8.0,256.0,5000,6.7,50MP
Samsung,Samsung Galaxy M16 5G,,4.1,466 Ratings & 15 Reviews,4.0,128.0,5000,6.7,50MP
Samsung,Samsung Galaxy F15 5G,"₹15,999",4.2,"14,275 Ratings & 1,107 Reviews",4.0,128.0,6000,6.5,50MP
Samsung,Samsung Galaxy A06 5G,"₹13,999",4.1,"2,009 Ratings & 127 Reviews",4.0,128.0,5000,6.7,50MP
Samsung,Samsung Galaxy M16 5G,"₹13,299",4.2,"1,062 Ratings & 54 Reviews",6.0,128.0,5000,6.7,50MP
Samsung,Samsung Galaxy F36 5G,"₹15,999",4.3,"7,196 Ratings & 411 Reviews",6.0,128.0,5000,6.7,50MP
Samsung,Samsung Galaxy A07 LTE,"₹7,990",,,4.0,64.0,5000,6.7,50MP
Samsung,Samsung Galaxy F16 5G,"₹10,749",4.1,"4,063 Ratings & 247 Reviews",4.0,128.0,5000,6.657,50MP
Samsung,Samsung Galaxy F36 5G,"₹15,999",4.3,"7,196 Ratings & 411 Reviews",6.0,128.0,5000,6.7,50MP
Samsung,Samsung Galaxy A07 LTE,"₹7,990",,,4.0,64.0,5000,6.7,50MP
Samsung,Samsung Galaxy F36 5G,"₹17,499",4.2,"3,615 Ratings & 257 Reviews",8.0,128.0,5000,6.7,50MP
Samsung,Samsung M36 5G,"₹22,988",4.1,169 Ratings & 6 Reviews,8.0,256.0,5000,6.7,50MP
Samsung,Samsung Galaxy M14 4G,"₹7,578",4.1,"3,299 Ratings & 129 Reviews",4.0,64.0,6000,6.6,50MP
Samsung,Samsung Galaxy A55 5G,"₹33,988",4.3,623 Ratings & 47 Reviews,12.0,256.0,5000,6.6,50MP
Samsung,Samsung Galaxy M55 5G,"₹21,782",4.1,116 Ratings & 11 Reviews,12.0,256.0,5000,6.7,50MP
Samsung,Samsung Galaxy M35 5G,"₹20,999",4.3,"5,353 Ratings & 346 Reviews",8.0,256.0,6000,6.6,50MP
Samsung,Samsung Galaxy F16 5G,"₹11,499",4.2,"9,343 Ratings & 541 Reviews",6.0,128.0,5000,6.657,50MP
Samsung,Samsung Galaxy A06 5G,"₹13,999",4.1,"2,009 Ratings & 127 Reviews",4.0,128.0,5000,6.7,50MP
Samsung,Samsung Galaxy F16 5G,"₹11,499",4.2,"9,343 Ratings & 541 Reviews",6.0,128.0,5000,6.657,50MP
Samsung,Samsung Galaxy F55 5G,"₹24,999",4.0,"3,127 Ratings & 252 Reviews",8.0,256.0,5000,6.7,50MP
Samsung,Samsung Galaxy F15 5G,"₹15,999",4.2,"14,275 Ratings & 1,107 Reviews",4.0,128.0,6000,6.5,50MP
Samsung,Samsung Galaxy A06,"₹9,999",4.1,337 Ratings & 21 Reviews,4.0,64.0,5000,6.7,50MP
Samsung,Samsung Galaxy M16 5G,"₹12,488",4.1,466 Ratings & 15 Reviews,4.0,128.0,5000,6.7,50MP
Samsung,Samsung Galaxy S25 Plus 5G,"₹74,999",4.7,80 Ratings & 15 Reviews,12.0,256.0,4900,6.7,50MP
Samsung,Samsung Galaxy F15 5G,"₹16,999",4.2,"35,681 Ratings & 2,640 Reviews",6.0,128.0,6000,6.5,50MP
Samsung,Samsung M36 5G,"₹16,851",4.1,169 Ratings & 6 Reviews,8.0,128.0,5000,6.7,50MP
Samsung,Samsung Galaxy S24 5G Snapdragon,"₹41,999",4.6,"40,380 Ratings & 2,243 Reviews",8.0,128.0,4000,6.2,50MP
Samsung,Samsung Galaxy F16 5G,"₹10,749",4.1,"4,063 Ratings & 247 Reviews",4.0,128.0,5000,6.657,50MP
Samsung,Samsung Galaxy M35 5G,"₹21,000",4.4,"28,377 Ratings & 2,160 Reviews",6.0,128.0,6000,6.6,50MP
Samsung,Samsung Galaxy F16 5G,"₹10,749",4.1,"4,063 Ratings & 247 Reviews",4.0,128.0,5000,6.657,50MP
Samsung,Samsung Galaxy F36 5G,"₹20,499",4.2,"3,615 Ratings & 257 Reviews",8.0,256.0,5000,6.7,50MP
Samsung,Samsung Galaxy S24 5G Snapdragon,"₹40,999",4.6,"40,380 Ratings & 2,243 Reviews",8.0,128.0,4000,6.2,50MP
Samsung,Samsung Galaxy A16 5G,"₹16,346",4.2,"3,729 Ratings & 203 Reviews",8.0,128.0,5000,6.7,50MP
Samsung,Samsung Galaxy A06,"₹8,999",4.1,337 Ratings & 21 Reviews,4.0,128.0,5000,6.7,50MP
Samsung,Samsung M36 5G,"₹22,999",4.1,169 Ratings & 6 Reviews,8.0,256.0,5000,6.7,50MP
Samsung,Samsung Galaxy A17 5G,"₹16,999",4.3,177 Ratings & 8 Reviews,6.0,128.0,5000,6.7,50MP
Samsung,Samsung Galaxy A36 5G,"₹27,595",4.3,"1,593 Ratings & 123 Reviews",8.0,128.0,5000,6.7,50MP
Samsung,Samsung Galaxy M16 5G,"₹13,490",4.2,"1,062 Ratings & 54 Reviews",6.0,128.0,5000,6.7,50MP
Samsung,Samsung Galaxy M35 5G,"₹18,105",4.4,"28,377 Ratings & 2,160 Reviews",6.0,128.0,6000,6.6,50MP
Samsung,Samsung Galaxy F15 5G,"₹15,998",4.2,"35,681 Ratings & 2,640 Reviews",6.0,128.0,6000,6.5,50MP
Samsung,Samsung Galaxy A07 LTE,"₹7,990",,,4.0,64.0,5000,6.7,50MP
Samsung,Samsung Galaxy A04,"₹9,999",3.8,245 Ratings & 11 Reviews,4.0,64.0,5000,6.5,50MP
Samsung,Samsung Galaxy A04,"₹9,999",3.8,245 Ratings & 11 Reviews,4.0,64.0,5000,6.5,50MP
Samsung,Samsung Galaxy F17 5G,"₹14,499",4.1,32 Ratings & 5 Reviews,4.0,128.0,5000,6.7,50MP
Samsung,Samsung Galaxy M17 5G,"₹15,110",4.2,10 Ratings & 1 Reviews,6.0,128.0,5000,6.7,50MP
Samsung,Samsung Galaxy M55 5G,"₹25,599",3.6,221 Ratings & 12 Reviews,8.0,256.0,5000,6.7,50MP
Samsung,Samsung Galaxy A06,"₹8,799",4.1,337 Ratings & 21 Reviews,4.0,64.0,5000,6.7,50MP
Samsung,Samsung Galaxy F55 5G,"₹24,999",4.0,"3,127 Ratings & 252 Reviews",8.0,256.0,5000,6.7,50MP
Samsung,Samsung Galaxy A06 5G,"₹15,499",4.2,38 Ratings & 1 Reviews,6.0,128.0,5000,6.7,50MP
Samsung,Samsung Galaxy F55 5G,"₹28,999",4.0,"3,127 Ratings & 252 Reviews",8.0,128.0,5000,6.7,50MP
Samsung,Samsung Galaxy A06 5G,"₹12,499",4.1,"2,009 Ratings & 127 Reviews",4.0,64.0,5000,6.7,50MP
Samsung,Samsung Galaxy F55 5G,"₹21,943",4.1,996 Ratings & 106 Reviews,12.0,256.0,5000,6.7,50MP
Samsung,Samsung Galaxy S24 5G Snapdragon,"₹45,999",4.6,"40,380 Ratings & 2,243 Reviews",8.0,256.0,4000,6.2,50MP
Samsung,Samsung Galaxy A06 5G,"₹13,999",4.1,"2,009 Ratings & 127 Reviews",4.0,128.0,5000,6.7,50MP
Samsung,Samsung Galaxy S25 Ultra 5G,"₹1,29,999",4.6,"2,409 Ratings & 245 Reviews",12.0,256.0,5000,6.9,200MP
Samsung,Samsung Galaxy F36 5G,"₹17,499",4.2,"3,615 Ratings & 257 Reviews",8.0,128.0,5000,6.7,50MP
Samsung,Samsung A16 5G,"₹14,250",4.0,81 Ratings & 4 Reviews,6.0,128.0,5000,6.7,13MP
Samsung,Samsung Galaxy F36 5G,"₹15,999",4.3,"7,196 Ratings & 411 Reviews",6.0,128.0,5000,6.7,50MP
Samsung,Samsung Galaxy A16 5G,"₹16,614",4.2,"3,729 Ratings & 203 Reviews",8.0,128.0,5000,6.7,50MP
Samsung,Samsung Galaxy F15 5G,"₹16,999",4.2,"35,681 Ratings & 2,640 Reviews",6.0,128.0,6000,6.5,50MP
Samsung,Samsung Galaxy Z Fold6 5G,"₹1,08,990",4.3,176 Ratings & 11 Reviews,12.0,256.0,4400,7.6,50MP
Samsung,Samsung Galaxy S25 Plus 5G,"₹86,999",4.7,80 Ratings & 15 Reviews,12.0,512.0,4900,6.7,50MP
Samsung,Samsung Galaxy S25 Ultra 5G,"₹1,41,999",4.6,"2,409 Ratings & 245 Reviews",12.0,512.0,5000,6.9,200MP
Samsung,Samsung Galaxy F55 5G,"₹21,936",4.1,996 Ratings & 106 Reviews,12.0,256.0,5000,6.7,50MP
Samsung,Samsung Galaxy A06 5G,"₹10,250",4.1,"2,009 Ratings & 127 Reviews",4.0,128.0,5000,6.7,50MP
Samsung,Samsung Galaxy A04s,"₹10,990",4.2,261 Ratings & 14 Reviews,4.0,128.0,5000,6.5,50MP
Samsung,Samsung Galaxy A56 5G,"₹41,999",4.3,641 Ratings & 47 Reviews,8.0,256.0,5000,6.7,50MP
Samsung,Samsung M36 5G,"₹22,999",4.1,169 Ratings & 6 Reviews,8.0,256.0,5000,6.7,50MP
Samsung,Samsung Galaxy F15 5G,"₹15,999",4.2,"14,275 Ratings & 1,107 Reviews",4.0,128.0,6000,6.5,50MP
Samsung,Samsung Galaxy A06 5G,"₹12,499",4.1,"2,009 Ratings & 127 Reviews",4.0,64.0,5000,6.7,50MP
Samsung,Samsung Galaxy S25 Ultra 5G,"₹1,22,000",4.6,"2,409 Ratings & 245 Reviews",12.0,256.0,5000,6.9,200MP
Samsung,Samsung Galaxy M56 5G,"₹27,885",4.4,522 Ratings & 35 Reviews,8.0,256.0,5000,6.7,50MP
Samsung,Samsung Galaxy A17 5G,"₹20,349",4.3,157 Ratings & 8 Reviews,8.0,128.0,5000,6.7,50MP
Samsung,Samsung Galaxy A06 5G,"₹13,999",4.1,"2,009 Ratings & 127 Reviews",4.0,128.0,5000,6.7,50MP
Samsung,Samsung Galaxy A55 5G,"₹33,988",4.3,623 Ratings & 47 Reviews,12.0,256.0,5000,6.6,50MP
Samsung,Samsung Galaxy A16 5G,"₹16,346",4.2,"3,729 Ratings & 203 Reviews",8.0,128.0,5000,6.7,50MP
Samsung,Samsung Galaxy F42 5G,"₹13,999",4.1,"10,643 Ratings & 984 Reviews",6.0,128.0,5000,6.6,64MP
Samsung,Samsung Galaxy A36 5G,"₹26,998",4.3,"1,593 Ratings & 123 Reviews",8.0,128.0,5000,6.7,50MP
Samsung,Samsung Galaxy F42 5G,"₹13,999",4.1,"10,643 Ratings & 984 Reviews",6.0,128.0,5000,6.6,64MP
Samsung,Samsung Galaxy A16 5G,"₹16,346",4.2,"3,729 Ratings & 203 Reviews",8.0,128.0,5000,6.7,50MP
Samsung,Samsung Galaxy S24 Exynos 5G,"₹79,999",4.6,"8,298 Ratings & 438 Reviews",8.0,256.0,4000,6.2,50MP
Samsung,Samsung Galaxy A17 5G,"₹23,351",4.3,157 Ratings & 8 Reviews,8.0,256.0,5000,6.7,50MP
Samsung,Samsung Galaxy S24 Exynos 5G,"₹89,999",4.6,"8,298 Ratings & 438 Reviews",8.0,512.0,4000,6.2,50MP
Samsung,Samsung Galaxy S25 Edge 5G,"₹89,999",4.8,34 Ratings & 2 Reviews,12.0,256.0,3900,6.657,200MP
Samsung,Samsung Galaxy A56 5G,"₹44,999",4.4,444 Ratings & 29 Reviews,12.0,256.0,5000,6.7,50MP
Samsung,Samsung Galaxy S24+ 5G,"₹59,999",4.5,"12,468 Ratings & 906 Reviews",12.0,256.0,4900,6.7,50MP
Samsung,Samsung Galaxy F55 5G,"₹28,999",4.0,"3,127 Ratings & 252 Reviews",8.0,128.0,5000,6.7,50MP
Samsung,Samsung Galaxy F56 5G,"₹24,999",4.4,216 Ratings & 13 Reviews,8.0,128.0,5000,6.7,50MP
Samsung,Samsung Galaxy F16 5G,"₹10,749",4.1,"4,063 Ratings & 247 Reviews",4.0,128.0,5000,6.657,50MP
Samsung,Samsung Galaxy A06,"₹8,799",4.1,337 Ratings & 21 Reviews,4.0,64.0,5000,6.7,50MP
Samsung,Samsung Galaxy A36 5G,"₹33,999",4.3,"1,593 Ratings & 123 Reviews",8.0,256.0,5000,6.7,50MP
Samsung,Samsung S25 Ultra 5G,"₹1,22,000",4.7,311 Ratings & 21 Reviews,12.0,256.0,5000,6.9,200MP
Samsung,Samsung Galaxy F17 5G,"₹14,499",4.1,32 Ratings & 5 Reviews,4.0,128.0,5000,6.7,50MP
Samsung,Samsung Galaxy A36 5G,"₹36,999",4.4,244 Ratings & 15 Reviews,12.0,256.0,5000,6.7,50MP
Samsung,Samsung Galaxy M55 5G,"₹21,782",4.1,116 Ratings & 11 Reviews,12.0,256.0,5000,6.7,50MP
Samsung,Samsung Galaxy A17 5G,"₹18,889",4.3,177 Ratings & 8 Reviews,6.0,128.0,5000,6.7,50MP
Samsung,Samsung Galaxy A06,"₹8,999",4.1,337 Ratings & 21 Reviews,4.0,128.0,5000,6.7,50MP
Samsung,Samsung Galaxy A36 5G,"₹33,999",4.3,"1,593 Ratings & 123 Reviews",8.0,256.0,5000,6.7,50MP
Samsung,Samsung Galaxy M17 5G,"₹13,480",4.0,5 Ratings & 0 Reviews,4.0,128.0,5000,6.7,50MP
Samsung,Samsung Galaxy M16 5G,"₹16,998",4.3,211 Ratings & 9 Reviews,8.0,128.0,5000,6.7,50MP
Samsung,Samsung Galaxy M17 5G,"₹17,978",4.0,3 Ratings & 1 Reviews,8.0,128.0,5000,6.7,50MP
Samsung,Samsung Galaxy S24 Ultra 5G,"₹1,06,990",4.6,"6,990 Ratings & 523 Reviews",12.0,512.0,5000,6.8,200MP
Samsung,Samsung Galaxy A26 5G,"₹23,999",4.0,234 Ratings & 28 Reviews,8.0,128.0,5000,6.7,50MP
Samsung,Samsung Galaxy A06,"₹8,799",4.1,337 Ratings & 21 Reviews,4.0,128.0,5000,6.7,50MP
Samsung,Samsung Galaxy M17 5G,"₹13,534",4.0,5 Ratings & 0 Reviews,4.0,128.0,5000,6.7,50MP
Samsung,Samsung Galaxy A36 5G,"₹36,999",4.4,244 Ratings & 15 Reviews,12.0,256.0,5000,6.7,50MP
Samsung,Samsung Galaxy A17 5G,"₹18,999",4.3,177 Ratings & 8 Reviews,6.0,128.0,5000,6.7,50MP
Samsung,Samsung Galaxy S25 5G,"₹92,999",4.6,"2,651 Ratings & 303 Reviews",12.0,512.0,4000,6.2,50MP
Samsung,Samsung Galaxy S25 Edge 5G,"₹89,999",4.8,34 Ratings & 2 Reviews,12.0,256.0,3900,6.657,200MP
Samsung,Samsung galaxy M15 5G,"₹16,999",4.1,294 Ratings & 17 Reviews,8.0,128.0,6000,6.5,50MP
Samsung,Samsung Galaxy F16 5G,"₹10,749",4.1,"4,063 Ratings & 247 Reviews",4.0,128.0,5000,6.657,50MP
Samsung,Samsung Galaxy A17 5G,"₹20,349",4.3,157 Ratings & 8 Reviews,8.0,128.0,5000,6.7,50MP
Samsung,Samsung Galaxy F17 5G,"₹15,999",4.0,48 Ratings & 3 Reviews,6.0,128.0,5000,6.7,50MP
Samsung,Samsung Galaxy Z Flip6 5G,"₹69,999",4.3,186 Ratings & 15 Reviews,12.0,256.0,4000,6.7,50MP
Samsung,Samsung Galaxy A56 5G,"₹41,999",4.3,641 Ratings & 47 Reviews,8.0,256.0,5000,6.7,50MP
Samsung,Samsung Galaxy S21 FE 5G,"₹39,999",4.3,"1,53,418 Ratings & 14,093 Reviews",8.0,128.0,4500,6.4,12MP
Samsung,Samsung Galaxy A26 5G,"₹26,999",4.0,234 Ratings & 28 Reviews,8.0,256.0,5000,6.7,50MP
Samsung,Samsung Galaxy F12,"₹12,999",4.3,"3,02,625 Ratings & 23,206 Reviews",4.0,64.0,6000,6.515,48MP
Samsung,Samsung Galaxy F36 5G,"₹20,499",4.2,"3,615 Ratings & 257 Reviews",8.0,256.0,5000,6.7,50MP
Samsung,Samsung Galaxy M34 5G,"₹24,999",4.3,585 Ratings & 22 Reviews,8.0,128.0,6000,6.5,50MP
Samsung,Samsung Galaxy S21 FE 5G,"₹39,999",4.3,"1,53,418 Ratings & 14,093 Reviews",8.0,128.0,4500,6.4,12MP
Samsung,Samsung Galaxy M55 5G,"₹17,999",3.6,221 Ratings & 12 Reviews,8.0,128.0,5000,6.7,50MP
Samsung,Samsung Galaxy F55 5G,"₹24,999",4.0,"3,127 Ratings & 252 Reviews",8.0,256.0,5000,6.7,50MP
Samsung,Samsung Galaxy M55 5G,"₹21,716",4.1,116 Ratings & 11 Reviews,12.0,256.0,5000,6.7,50MP
Samsung,Samsung Galaxy A16 5G,"₹21,999",4.2,"3,729 Ratings & 203 Reviews",8.0,256.0,5000,6.7,50MP
Samsung,Samsung Galaxy F05,"₹6,499",4.2,"75,205 Ratings & 4,067 Reviews",4.0,64.0,5000,6.74,50MP
Samsung,Samsung Galaxy S25 FE 5G,"₹77,999",4.7,30 Ratings & 1 Reviews,8.0,512.0,4900,6.7,50MP
Samsung,Samsung S25 Ultra,"₹1,24,999",4.4,14 Ratings & 0 Reviews,12.0,256.0,5000,6.9,200MP
Samsung,Samsung Galaxy Z Flip5,"₹99,999",4.4,858 Ratings & 50 Reviews,8.0,256.0,3700,6.7,12MP
Samsung,Samsung Galaxy A26 5G,"₹23,999",4.0,234 Ratings & 28 Reviews,8.0,128.0,5000,6.7,50MP
Samsung,Samsung Galaxy F55 5G,"₹24,999",4.0,"3,127 Ratings & 252 Reviews",8.0,256.0,5000,6.7,50MP
Samsung,Samsung Galaxy A56 5G,"₹38,999",4.3,641 Ratings & 47 Reviews,8.0,128.0,5000,6.7,50MP
Samsung,Samsung galaxy M15 5G,"₹16,999",4.1,294 Ratings & 17 Reviews,8.0,128.0,6000,6.5,50MP
Samsung,Samsung M55s 5G,"₹27,950",4.2,21 Ratings & 3 Reviews,,,5000,6.8,50MP
Samsung,Samsung Galaxy F34 5G,"₹21,999",4.2,"16,335 Ratings & 1,179 Reviews",8.0,128.0,6000,6.5,50MP
Samsung,Samsung Galaxy F15 5G,"₹15,998",4.2,"35,681 Ratings & 2,640 Reviews",6.0,128.0,6000,6.5,50MP
Samsung,Samsung Galaxy F34 5G,"₹19,999",4.2,"47,635 Ratings & 3,529 Reviews",6.0,128.0,6000,6.5,50MP
Samsung,Samsung Galaxy F16 5G,"₹10,749",4.1,"4,063 Ratings & 247 Reviews",4.0,128.0,5000,6.657,50MP
Samsung,Samsung Galaxy A36 5G,"₹28,850",4.3,"1,593 Ratings & 123 Reviews",8.0,128.0,5000,6.7,50MP
Samsung,Samsung Galaxy A17 5G,"₹23,496",4.3,157 Ratings & 8 Reviews,8.0,256.0,5000,6.7,50MP
Samsung,Samsung Galaxy A17 5G,"₹20,489",4.3,157 Ratings & 8 Reviews,8.0,128.0,5000,6.7,50MP
Samsung,Samsung Galaxy F15 5G,"₹15,999",4.2,"14,275 Ratings & 1,107 Reviews",4.0,128.0,6000,6.5,50MP
Samsung,Samsung Galaxy M07,"₹7,425",,,4.0,64.0,5000,6.7,50MP
Samsung,Samsung Galaxy M56 5G,"₹22,219",4.4,522 Ratings & 35 Reviews,8.0,128.0,5000,6.7,50MP
Samsung,Samsung Galaxy F55 5G,"₹22,978",4.1,996 Ratings & 106 Reviews,12.0,256.0,5000,6.7,50MP
Samsung,Samsung Galaxy A06 5G,"₹10,740",4.1,"2,009 Ratings & 127 Reviews",4.0,64.0,5000,6.7,50MP
Samsung,Samsung Galaxy M34 5G without charger,"₹17,999",4.3,"5,731 Ratings & 354 Reviews",6.0,128.0,6000,6.5,50MP
Samsung,Samsung Galaxy A34 5G,"₹23,990",4.3,"7,167 Ratings & 558 Reviews",8.0,128.0,5000,6.6,48MP
Samsung,Samsung Galaxy F17 5G,"₹14,499",4.1,32 Ratings & 5 Reviews,4.0,128.0,5000,6.7,50MP
Samsung,Samsung Galaxy M55 5G,"₹25,599",3.6,221 Ratings & 12 Reviews,8.0,256.0,5000,6.7,50MP
Samsung,Samsung Galaxy A34 5G,"₹23,990",4.3,"7,167 Ratings & 558 Reviews",8.0,128.0,5000,6.6,48MP
Samsung,Samsung Galaxy F17 5G,"₹14,499",4.1,32 Ratings & 5 Reviews,4.0,128.0,5000,6.7,50MP
Samsung,Samsung Galaxy M55 5G,"₹25,599",3.6,221 Ratings & 12 Reviews,8.0,256.0,5000,6.7,50MP
Samsung,Samsung Galaxy A17 5G,"₹23,135",4.3,157 Ratings & 8 Reviews,8.0,256.0,5000,6.7,50MP
Samsung,Samsung Galaxy M33 5G,"₹20,999",4.2,"5,110 Ratings & 332 Reviews",8.0,128.0,6000,6.6,50MP
Samsung,Samsung Galaxy F22,"₹14,999",4.3,"1,06,863 Ratings & 9,781 Reviews",4.0,64.0,6000,6.4,48MP
Samsung,Samsung Galaxy A04,"₹9,999",3.8,245 Ratings & 11 Reviews,4.0,64.0,5000,6.5,50MP
Samsung,Samsung Galaxy A53,"₹31,999",4.1,925 Ratings & 92 Reviews,6.0,128.0,5000,6.5,64MP
Samsung,Samsung Galaxy M04,"₹8,999",4.1,"13,337 Ratings & 706 Reviews",4.0,64.0,5000,6.5,13MP
Samsung,Samsung Galaxy F22,"₹14,999",4.3,"1,06,863 Ratings & 9,781 Reviews",4.0,64.0,6000,6.4,48MP
Samsung,Samsung Galaxy A16 5G,"₹16,399",4.2,"3,729 Ratings & 203 Reviews",8.0,128.0,5000,6.7,50MP
Samsung,Samsung Galaxy A56 5G,"₹41,999",4.3,641 Ratings & 47 Reviews,8.0,256.0,5000,6.7,50MP
Samsung,Samsung Galaxy A07 LTE,"₹7,990",,,4.0,64.0,5000,6.7,50MP
Samsung,Samsung Galaxy A07 LTE,"₹7,990",,,4.0,64.0,5000,6.7,50MP
Samsung,Samsung Galaxy A07 LTE,"₹7,990",,,4.0,64.0,5000,6.7,50MP
Samsung,Samsung Galaxy F12,"₹13,999",4.3,"3,02,625 Ratings & 23,206 Reviews",4.0,128.0,6000,6.515,48MP
Samsung,Samsung Galaxy F15 5G,"₹16,447",4.2,"4,205 Ratings & 238 Reviews",8.0,128.0,6000,6.5,50MP
Samsung,Samsung Galaxy A73 5G,"₹41,999",4.2,"1,890 Ratings & 224 Reviews",8.0,128.0,5000,6.7,108MP
Samsung,Samsung Galaxy A06,"₹9,999",4.1,337 Ratings & 21 Reviews,4.0,64.0,5000,6.7,50MP
Samsung,Samsung Galaxy F42 5G,"₹20,999",4.1,"10,643 Ratings & 984 Reviews",6.0,128.0,5000,6.6,64MP
Samsung,Samsung Galaxy F15 5G,"₹15,990",4.2,"14,275 Ratings & 1,107 Reviews",4.0,128.0,6000,6.5,50MP
Samsung,Samsung Galaxy A13,"₹14,999",4.1,"1,032 Ratings & 64 Reviews",4.0,64.0,5000,6.6,50MP
Samsung,Samsung Galaxy S24 Exynos 5G,"₹89,999",4.6,"8,298 Ratings & 438 Reviews",8.0,512.0,4000,6.2,50MP
Samsung,Samsung Galaxy F42 5G,"₹22,999",4.1,"6,521 Ratings & 601 Reviews",8.0,128.0,5000,6.6,64MP
Samsung,Samsung Galaxy F02s,"₹9,499",4.2,"4,570 Ratings & 365 Reviews",3.0,32.0,5000,6.515,13MP
Samsung,Samsung Galaxy A26 5G,"₹26,999",4.0,234 Ratings & 28 Reviews,8.0,256.0,5000,6.7,50MP
Samsung,Samsung Galaxy F22,"₹16,999",4.3,"68,451 Ratings & 5,995 Reviews",6.0,128.0,6000,6.4,48MP
Samsung,Samsung Galaxy A73 5G,"₹41,999",4.2,"1,890 Ratings & 224 Reviews",8.0,128.0,5000,6.7,108MP
Samsung,Samsung Galaxy A25 5G,"₹26,999",4.2,404 Ratings & 19 Reviews,8.0,128.0,5000,6.5,50MP
Samsung,Samsung Galaxy A14 5G,"₹17,999",4.2,"46,893 Ratings & 2,098 Reviews",4.0,128.0,5000,6.6,50MP
Samsung,Samsung Galaxy F56 5G,"₹26,190",4.4,216 Ratings & 13 Reviews,8.0,128.0,5000,6.7,50MP
Samsung,Samsung Galaxy F12,"₹12,999",4.3,"3,02,625 Ratings & 23,206 Reviews",4.0,64.0,6000,6.515,48MP
Samsung,Samsung Galaxy A23 5G,"₹21,999",4.1,"3,150 Ratings & 192 Reviews",6.0,128.0,5000,6.6,50MP
Samsung,Samsung Galaxy A13,"₹15,999",4.1,"1,032 Ratings & 64 Reviews",4.0,128.0,5000,6.6,50MP
Samsung,Samsung Galaxy F62,"₹25,999",4.3,"30,999 Ratings & 3,607 Reviews",8.0,128.0,7000,6.7,64MP
Samsung,Samsung A26 5G,"₹25,299",,,8.0,128.0,5000,6.7,50MP
Samsung,Samsung Galaxy F62,"₹23,999",4.2,"91,899 Ratings & 10,963 Reviews",6.0,128.0,7000,6.7,64MP
Samsung,Samsung Galaxy A04,"₹9,999",3.8,245 Ratings & 11 Reviews,4.0,64.0,5000,6.5,50MP
Samsung,Samsung Galaxy A25 5G,"₹26,999",4.2,404 Ratings & 19 Reviews,8.0,128.0,5000,6.5,50MP
Samsung,Samsung Galaxy Z Flip7 5G,"₹1,09,999",4.5,66 Ratings & 2 Reviews,12.0,256.0,4300,6.9,50MP
Samsung,Samsung Galaxy F41,"₹15,999",4.3,"3,94,228 Ratings & 41,560 Reviews",6.0,64.0,6000,6.4,64MP
Samsung,Samsung Galaxy F42 5G,"₹22,999",4.1,"6,521 Ratings & 601 Reviews",8.0,128.0,5000,6.6,64MP
Samsung,Samsung Galaxy A70s,"₹30,500",4.3,"1,860 Ratings & 182 Reviews",8.0,128.0,4500,6.7,64MP
Samsung,Samsung Galaxy A23,"₹21,600",4.3,707 Ratings & 38 Reviews,8.0,128.0,5000,6.6,50MP
Samsung,Samsung Galaxy A14,"₹16,499",3.9,213 Ratings & 14 Reviews,4.0,64.0,5000,6.6,50MP
Samsung,Samsung Galaxy A25 5G,"₹26,999",4.2,404 Ratings & 19 Reviews,8.0,128.0,5000,6.5,50MP
Samsung,Samsung Galaxy A51,"₹25,999",4.3,"10,863 Ratings & 1,169 Reviews",6.0,128.0,4000,6.5,48MP
Samsung,Samsung Galaxy F22,"₹16,999",4.3,"68,451 Ratings & 5,995 Reviews",6.0,128.0,6000,6.4,48MP
Samsung,Samsung Galaxy A51,"₹25,999",4.3,"10,863 Ratings & 1,169 Reviews",6.0,128.0,4000,6.5,48MP
Samsung,Samsung Galaxy F22,"₹16,999",4.3,"68,451 Ratings & 5,995 Reviews",6.0,128.0,6000,6.4,48MP
Samsung,Samsung Galaxy A04e,"₹8,499",4.1,162 Ratings & 9 Reviews,3.0,64.0,5000,6.5,13MP
Samsung,Samsung Galaxy F12,"₹12,999",4.3,"3,02,625 Ratings & 23,206 Reviews",4.0,64.0,6000,6.515,48MP
Samsung,Samsung Galaxy A23,"₹16,990",4.3,707 Ratings & 38 Reviews,8.0,128.0,5000,6.6,50MP
Samsung,Samsung M15 Prime Edition,"₹15,998",4.4,603 Ratings & 40 Reviews,6.0,128.0,6000,6.5,50MP
Samsung,Samsung Galaxy M34 5G without charger,"₹24,999",4.3,"1,191 Ratings & 93 Reviews",8.0,128.0,6000,6.5,50MP
Samsung,Samsung Galaxy F13,"₹10,999",4.3,"2,11,483 Ratings & 11,681 Reviews",4.0,64.0,6000,6.6,50MP
Samsung,Samsung Galaxy A04s,"₹9,999",4.2,261 Ratings & 14 Reviews,4.0,64.0,5000,6.5,50MP
Samsung,Samsung Galaxy A2 Core,"₹5,900",4.2,"3,365 Ratings & 257 Reviews",1.0,16.0,2600,5.0,5MP
Samsung,Samsung Galaxy A25 5G,"₹29,999",4.2,404 Ratings & 19 Reviews,8.0,256.0,5000,6.5,50MP
Samsung,Samsung Galaxy F13,"₹11,999",4.3,"2,11,483 Ratings & 11,681 Reviews",4.0,128.0,6000,6.6,50MP
Samsung,Samsung Galaxy On Nxt,"₹11,200",4.3,"3,63,918 Ratings & 53,727 Reviews",3.0,16.0,3300,5.5,13MP
Samsung,Samsung Galaxy F14 5G,"₹14,490",4.2,"1,28,547 Ratings & 8,919 Reviews",6.0,128.0,6000,6.6,50MP
Samsung,Samsung Galaxy M34 5G without charger,"₹24,999",4.3,"1,191 Ratings & 93 Reviews",8.0,128.0,6000,6.5,50MP
Samsung,Samsung Galaxy A26 5G,"₹26,999",4.0,234 Ratings & 28 Reviews,8.0,256.0,5000,6.7,50MP
Samsung,Samsung Galaxy F23 5G,"₹12,999",4.2,"49,472 Ratings & 3,569 Reviews",4.0,128.0,5000,6.6,50MP
Samsung,Samsung Galaxy Note 20,"₹86,000",4.3,107 Ratings & 8 Reviews,8.0,256.0,4300,6.7,64MP
Samsung,Samsung Galaxy A32,"₹24,999",4.1,"2,563 Ratings & 198 Reviews",6.0,128.0,5000,6.4,64MP
Samsung,Samsung Galaxy A80,"₹52,000",4.4,"5,275 Ratings & 688 Reviews",8.0,128.0,3700,6.7,48MP
Samsung,Samsung Galaxy A10,"₹8,700",4.4,"13,177 Ratings & 1,027 Reviews",2.0,32.0,3400,6.2,13MP
Samsung,Samsung Galaxy A73 5G,"₹44,999",4.2,"1,890 Ratings & 224 Reviews",8.0,256.0,5000,6.7,108MP
Samsung,Samsung Galaxy A14,"₹16,499",3.9,213 Ratings & 14 Reviews,4.0,64.0,5000,6.6,50MP
Samsung,Samsung Galaxy A12,"₹10,498",4.2,"4,919 Ratings & 377 Reviews",4.0,64.0,5000,6.5,48MP
Samsung,Samsung Galaxy M34 5G without charger,"₹24,999",4.3,"1,191 Ratings & 93 Reviews",8.0,128.0,6000,6.5,50MP
Samsung,Samsung Galaxy A26 5G,"₹26,999",4.0,234 Ratings & 28 Reviews,8.0,256.0,5000,6.7,50MP
Samsung,Samsung Galaxy Note 20,"₹86,000",4.3,107 Ratings & 8 Reviews,8.0,256.0,4300,6.7,64MP
Samsung,Samsung Galaxy A32,"₹24,999",4.1,"2,563 Ratings & 198 Reviews",6.0,128.0,5000,6.4,64MP
Samsung,Samsung Galaxy A73 5G,"₹44,999",4.2,"1,890 Ratings & 224 Reviews",8.0,256.0,5000,6.7,108MP
Samsung,Samsung Galaxy A80,"₹52,000",4.4,"5,275 Ratings & 688 Reviews",8.0,128.0,3700,6.7,48MP
Samsung,Samsung Galaxy A10,"₹8,700",4.4,"13,177 Ratings & 1,027 Reviews",2.0,32.0,3400,6.2,13MP
Samsung,Samsung Galaxy On6,"₹10,599",4.4,"1,01,214 Ratings & 9,208 Reviews",4.0,64.0,3000,5.6,13MP
Samsung,Samsung Galaxy A14,"₹16,499",3.9,213 Ratings & 14 Reviews,4.0,64.0,5000,6.6,50MP
Samsung,Samsung Galaxy A12,"₹10,498",4.2,"4,919 Ratings & 377 Reviews",4.0,64.0,5000,6.5,48MP
Samsung,Samsung Galaxy S20+,"₹39,990",4.4,"19,730 Ratings & 2,863 Reviews",8.0,128.0,4500,6.7,10MP
Samsung,Samsung Galaxy F62,"₹23,999",4.2,"91,899 Ratings & 10,963 Reviews",6.0,128.0,7000,6.7,64MP
Samsung,Samsung Galaxy A50,"₹21,000",4.3,"67,886 Ratings & 6,111 Reviews",4.0,64.0,4000,6.4,25MP
Samsung,Samsung Galaxy A30s,"₹18,900",4.3,"4,349 Ratings & 321 Reviews",4.0,64.0,4000,6.4,25MP
Samsung,Samsung S25 5G,"₹73,999",,,12.0,256.0,4000,6.0,50MP
Samsung,Samsung Galaxy A26 5G,"₹23,999",4.0,234 Ratings & 28 Reviews,8.0,128.0,5000,6.7,50MP
Samsung,Samsung Galaxy A50,"₹24,000",4.4,"11,347 Ratings & 982 Reviews",6.0,64.0,4000,6.4,25MP
Samsung,Samsung Galaxy A31,"₹16,999",4.3,"14,512 Ratings & 1,223 Reviews",6.0,128.0,5000,6.4,48MP
Samsung,Samsung Galaxy On Max,"₹19,900",4.3,"1,24,502 Ratings & 20,853 Reviews",4.0,32.0,3300,5.7,13MP
Samsung,Samsung Galaxy On Max,"₹19,900",4.3,"1,24,502 Ratings & 20,853 Reviews",4.0,32.0,3300,5.7,13MP
Samsung,Samsung Galaxy A50,"₹24,000",4.4,"11,347 Ratings & 982 Reviews",6.0,64.0,4000,6.4,25MP
Samsung,Samsung Galaxy S24 Exynos 5G,"₹55,999",4.6,"8,298 Ratings & 438 Reviews",8.0,256.0,4000,6.2,50MP
Samsung,Samsung Galaxy S25 5G,"₹92,999",4.6,"2,651 Ratings & 303 Reviews",12.0,512.0,4000,6.2,50MP
Samsung,Samsung Galaxy S25 Ultra 5G,"₹1,41,999",4.6,"2,409 Ratings & 245 Reviews",12.0,512.0,5000,6.9,200MP
Samsung,Samsung Galaxy S23 5G,"₹44,999",4.6,"81,045 Ratings & 5,439 Reviews",8.0,128.0,3900,6.1,50MP
Samsung,Samsung Galaxy Z Fold7 5G,"₹1,86,999",4.6,137 Ratings & 3 Reviews,12.0,512.0,4400,8.0,200MP
Samsung,Samsung Galaxy Z Fold7 5G,"₹1,74,999",4.6,137 Ratings & 3 Reviews,12.0,256.0,4400,8.0,200MP
Samsung,Samsung Galaxy S23 FE,"₹34,999",4.4,"74,853 Ratings & 4,431 Reviews",8.0,128.0,4500,6.4,50MP
Samsung,Samsung Galaxy S24 Exynos 5G,"₹49,999",4.6,"8,298 Ratings & 438 Reviews",8.0,128.0,4000,6.2,50MP
Samsung,Samsung Galaxy A36 5G,"₹27,595",4.3,"1,593 Ratings & 123 Reviews",8.0,128.0,5000,6.7,50MP
Samsung,Samsung Galaxy S25 Edge 5G,"₹1,01,999",4.8,34 Ratings & 2 Reviews,12.0,512.0,3900,6.657,200MP
Samsung,Samsung Galaxy S25 Ultra 5G,"₹1,41,999",4.6,"2,409 Ratings & 245 Reviews",12.0,512.0,5000,6.9,200MP
Samsung,Samsung Galaxy S24 Ultra 5G,"₹86,799",4.6,"6,990 Ratings & 523 Reviews",12.0,256.0,5000,6.8,200MP
Samsung,Samsung Galaxy Z Fold6 5G,"₹1,19,945",4.3,176 Ratings & 11 Reviews,12.0,256.0,4400,7.6,50MP
Samsung,Samsung Galaxy S25 Ultra 5G,"₹1,41,999",4.6,"2,409 Ratings & 245 Reviews",12.0,512.0,5000,6.9,200MP
Samsung,Samsung Galaxy Z Flip3 5G,"₹69,999",4.2,"9,610 Ratings & 601 Reviews",8.0,128.0,3300,6.7,12MP
Samsung,Samsung Galaxy Z Fold5,"₹1,59,999",4.5,615 Ratings & 36 Reviews,12.0,256.0,4400,6.2,50MP
Samsung,Samsung Galaxy Z Fold7 5G,"₹2,16,999",4.8,4 Ratings & 2 Reviews,16.0,,4400,8.0,200MP
Samsung,Samsung Galaxy S24 Exynos 5G,"₹49,999",4.6,"8,298 Ratings & 438 Reviews",8.0,128.0,4000,6.2,50MP
Samsung,Samsung Galaxy S23 5G,"₹44,999",4.6,"81,045 Ratings & 5,439 Reviews",8.0,128.0,3900,6.1,50MP
Samsung,Samsung Galaxy S24 Exynos 5G,"₹49,999",4.6,"8,298 Ratings & 438 Reviews",8.0,128.0,4000,6.2,50MP
Samsung,Samsung Galaxy S24 Exynos 5G,"₹55,999",4.6,"8,298 Ratings & 438 Reviews",8.0,256.0,4000,6.2,50MP
Samsung,Samsung Galaxy S25 5G,"₹92,999",4.6,"2,651 Ratings & 303 Reviews",12.0,512.0,4000,6.2,50MP
Samsung,Samsung Galaxy S25 5G,"₹92,999",4.6,"2,651 Ratings & 303 Reviews",12.0,512.0,4000,6.2,50MP
Samsung,Samsung Galaxy Z Flip7 FE 5G,"₹95,999",4.3,23 Ratings & 1 Reviews,8.0,256.0,4000,6.7,50MP
Samsung,Samsung Galaxy S24 Ultra 5G,"₹1,29,999",4.6,"6,990 Ratings & 523 Reviews",12.0,512.0,5000,6.8,200MP
Samsung,Samsung Galaxy Z Fold4 5G,"₹74,999",3.3,103 Ratings & 9 Reviews,12.0,256.0,4400,7.6,50MP
Samsung,Samsung Galaxy S23 5G,"₹49,999",4.6,"81,045 Ratings & 5,439 Reviews",8.0,256.0,3900,6.1,50MP
Samsung,Samsung Galaxy Z Fold7 5G,"₹1,86,999",4.6,137 Ratings & 3 Reviews,12.0,512.0,4400,8.0,200MP
Samsung,Samsung Galaxy Z Flip5,"₹99,999",4.4,858 Ratings & 50 Reviews,8.0,256.0,3700,6.7,12MP
Samsung,Samsung Galaxy S24 Exynos 5G,"₹79,999",4.6,"8,298 Ratings & 438 Reviews",8.0,256.0,4000,6.2,50MP
Samsung,Samsung Galaxy Z Fold7 5G,"₹1,86,999",4.6,137 Ratings & 3 Reviews,12.0,512.0,4400,8.0,200MP
Samsung,Samsung Galaxy F34 5G,"₹21,999",4.2,"16,335 Ratings & 1,179 Reviews",8.0,128.0,6000,6.5,50MP
Samsung,Samsung Galaxy F23 5G,"₹18,499",4.3,"2,25,874 Ratings & 16,305 Reviews",6.0,128.0,5000,6.6,50MP
Samsung,Samsung Galaxy S22 Plus 5G,"₹1,05,999",4.4,"5,205 Ratings & 541 Reviews",8.0,256.0,4500,6.6,50MP
Samsung,Samsung Galaxy Z Fold7 5G,"₹1,74,999",4.6,137 Ratings & 3 Reviews,12.0,256.0,4400,8.0,200MP
Samsung,Samsung Galaxy S22 Plus 5G,"₹1,01,999",4.4,"5,205 Ratings & 541 Reviews",8.0,128.0,4500,6.6,50MP
Samsung,Samsung Galaxy A26 5G,"₹23,999",4.0,234 Ratings & 28 Reviews,8.0,128.0,5000,6.7,50MP
Samsung,Samsung Galaxy A17 5G,"₹18,989",4.3,177 Ratings & 8 Reviews,6.0,128.0,5000,6.7,50MP
Samsung,Samsung Galaxy A34 5G,"₹29,499",4.3,"7,167 Ratings & 558 Reviews",8.0,256.0,5000,6.6,48MP
Samsung,Samsung Galaxy A53,"₹31,999",4.1,925 Ratings & 92 Reviews,6.0,128.0,5000,6.5,64MP
Samsung,Samsung Galaxy A73 5G,"₹41,999",4.2,"1,890 Ratings & 224 Reviews",8.0,128.0,5000,6.7,108MP
Samsung,Samsung Galaxy S24 Ultra 5G,"₹1,06,990",4.6,"6,990 Ratings & 523 Reviews",12.0,512.0,5000,6.8,200MP
Samsung,Samsung Galaxy S23 5G,"₹49,999",4.6,"81,045 Ratings & 5,439 Reviews",8.0,256.0,3900,6.1,50MP
Samsung,Samsung Galaxy S24 Ultra 5G,"₹1,19,999",4.6,"6,990 Ratings & 523 Reviews",12.0,256.0,5000,6.8,200MP
Samsung,Samsung Galaxy S24 Ultra 5G,"₹1,06,990",4.6,"6,990 Ratings & 523 Reviews",12.0,512.0,5000,6.8,200MP
Samsung,Samsung Galaxy Z Fold7 5G,"₹2,16,999",4.8,4 Ratings & 2 Reviews,16.0,,4400,8.0,200MP
Samsung,Samsung Galaxy Z Flip7 FE 5G,"₹89,999",4.3,23 Ratings & 1 Reviews,8.0,128.0,4000,6.7,50MP
Samsung,Samsung Galaxy Z Flip6 5G,"₹79,500",4.3,186 Ratings & 15 Reviews,12.0,256.0,4000,6.7,50MP
Samsung,Samsung Galaxy A05s,"₹14,850",4.2,144 Ratings & 4 Reviews,4.0,128.0,5000,6.72,50MP
Samsung,Samsung Galaxy A33,"₹27,499",4.1,"1,291 Ratings & 131 Reviews",8.0,128.0,5000,6.4,48MP
Samsung,Samsung Galaxy Z Flip7 5G,"₹1,21,999",4.5,66 Ratings & 2 Reviews,12.0,512.0,4300,6.9,50MP
Samsung,Samsung Galaxy S24 Ultra 5G,"₹1,06,990",4.6,"6,990 Ratings & 523 Reviews",12.0,512.0,5000,6.8,200MP
Samsung,Samsung Galaxy S23 5G,"₹49,999",4.6,"81,045 Ratings & 5,439 Reviews",8.0,256.0,3900,6.1,50MP
Samsung,Samsung Galaxy S24 Ultra 5G,"₹1,19,999",4.6,"6,990 Ratings & 523 Reviews",12.0,256.0,5000,6.8,200MP
Samsung,Samsung Galaxy S24 Ultra 5G,"₹1,06,990",4.6,"6,990 Ratings & 523 Reviews",12.0,512.0,5000,6.8,200MP
Samsung,Samsung Galaxy Z Fold7 5G,"₹2,16,999",4.8,4 Ratings & 2 Reviews,16.0,,4400,8.0,200MP
Samsung,Samsung Galaxy Z Flip6 5G,"₹79,500",4.3,186 Ratings & 15 Reviews,12.0,256.0,4000,6.7,50MP
Samsung,Samsung Galaxy A33,"₹27,499",4.1,"1,291 Ratings & 131 Reviews",8.0,128.0,5000,6.4,48MP
Samsung,Samsung Galaxy A05s,"₹14,850",4.2,144 Ratings & 4 Reviews,4.0,128.0,5000,6.72,50MP
Samsung,Samsung Galaxy S20+,"₹49,990",4.4,"19,730 Ratings & 2,863 Reviews",8.0,128.0,4500,6.7,10MP
Samsung,Samsung Galaxy Z Flip7 5G,"₹1,21,999",4.5,66 Ratings & 2 Reviews,12.0,512.0,4300,6.9,50MP
Samsung,Samsung Galaxy S25 Edge 5G,"₹1,01,999",4.8,34 Ratings & 2 Reviews,12.0,512.0,3900,6.657,200MP
Samsung,Samsung Galaxy Z Fold5,"₹1,69,999",4.5,615 Ratings & 36 Reviews,12.0,512.0,4400,6.2,50MP
Samsung,Samsung Galaxy Z Flip6 5G,"₹78,990",4.3,186 Ratings & 15 Reviews,12.0,512.0,4000,6.7,50MP
Samsung,Samsung Galaxy S23 Ultra 5G,"₹1,49,999",4.6,"4,362 Ratings & 398 Reviews",12.0,256.0,5000,6.8,200MP
Samsung,Samsung Galaxy Z Fold4 5G,"₹84,999",3.3,103 Ratings & 9 Reviews,12.0,512.0,4400,7.6,50MP
Samsung,Samsung Galaxy Z Flip5,"₹1,13,999",4.4,858 Ratings & 50 Reviews,8.0,512.0,3700,6.7,12MP
Samsung,Samsung Galaxy Z Fold5,"₹1,69,999",4.5,615 Ratings & 36 Reviews,12.0,512.0,4400,6.2,50MP
Samsung,Samsung Galaxy S20 FE,"₹65,999",4.0,"1,295 Ratings & 101 Reviews",8.0,128.0,4500,6.5,12MP
Samsung,Samsung Galaxy S22 5G,"₹72,999",4.4,"21,160 Ratings & 1,675 Reviews",8.0,128.0,3700,6.1,50MP
Samsung,Samsung Galaxy S22 Plus 5G,"₹41,990",4.4,"5,205 Ratings & 541 Reviews",8.0,128.0,4500,6.6,50MP
Samsung,Samsung Galaxy S23 Ultra 5G,"₹1,61,999",4.6,"4,362 Ratings & 398 Reviews",12.0,512.0,5000,6.8,200MP
Samsung,Samsung Galaxy A70s,"₹31,000",4.3,"4,921 Ratings & 465 Reviews",6.0,128.0,4500,6.7,64MP
Samsung,Samsung Galaxy F62,"₹25,999",4.3,"30,999 Ratings & 3,607 Reviews",8.0,128.0,7000,6.7,64MP
Samsung,Samsung A36 5G,"₹31,499",,,8.0,256.0,5000,6.7,50MP
Samsung,Samsung Galaxy Z Fold5,"₹1,69,999",4.5,615 Ratings & 36 Reviews,12.0,512.0,4400,6.2,50MP
Samsung,Samsung Galaxy A33,"₹25,999",4.1,"2,139 Ratings & 191 Reviews",6.0,128.0,5000,6.4,48MP
Samsung,Samsung Galaxy S23 5G,"₹49,999",4.6,"81,045 Ratings & 5,439 Reviews",8.0,256.0,3900,6.1,50MP
Samsung,Samsung Galaxy F34 5G,"₹19,999",4.2,"47,635 Ratings & 3,529 Reviews",6.0,128.0,6000,6.5,50MP
Samsung,Samsung Galaxy Z Flip7 FE 5G,"₹95,999",4.3,23 Ratings & 1 Reviews,8.0,256.0,4000,6.7,50MP
Samsung,Samsung A56 5G,"₹38,217",3.5,4 Ratings & 0 Reviews,8.0,256.0,5000,6.7,50MP
Samsung,Samsung Galaxy A23,"₹18,499",4.2,"1,225 Ratings & 69 Reviews",6.0,128.0,5000,6.6,50MP
Samsung,Samsung Galaxy F41,"₹15,999",4.3,"3,94,228 Ratings & 41,560 Reviews",6.0,64.0,6000,6.4,64MP
Samsung,Samsung Galaxy S21 FE 5G with Snapdragon 888,"₹34,990",4.3,"1,53,418 Ratings & 14,093 Reviews",8.0,256.0,4500,6.4,12MP
Samsung,Samsung Galaxy S7,"₹46,000",4.4,"31,465 Ratings & 5,635 Reviews",4.0,32.0,3000,5.1,12MP
Samsung,Samsung Galaxy A33,"₹27,499",4.1,"1,291 Ratings & 131 Reviews",8.0,128.0,5000,6.4,48MP
Samsung,Samsung Galaxy J6,"₹9,999",4.5,"42,638 Ratings & 2,495 Reviews",4.0,64.0,3000,5.6,13MP
Samsung,Samsung S25 Edge 5G,"₹1,04,999",,,12.0,256.0,3900,6.66,200MP
Samsung,Samsung Galaxy On6,"₹10,599",4.4,"1,01,214 Ratings & 9,208 Reviews",4.0,64.0,3000,5.6,13MP
Samsung,Samsung Galaxy A50s,"₹24,900",4.3,"48,668 Ratings & 4,475 Reviews",4.0,128.0,4000,6.4,48MP
Samsung,Samsung Galaxy Z Fold4 5G,"₹74,999",3.3,103 Ratings & 9 Reviews,12.0,256.0,4400,7.6,50MP
Samsung,Samsung Galaxy A14,"₹18,499",3.9,213 Ratings & 14 Reviews,4.0,128.0,5000,6.6,50MP
Samsung,Samsung Galaxy S9,"₹62,500",4.4,"30,763 Ratings & 2,508 Reviews",4.0,64.0,3000,5.8,12MP
Samsung,Samsung A56 5G,"₹43,990",,,12.0,256.0,5000,6.7,50MP
Samsung,Samsung Galaxy F23 5G,"₹18,499",4.3,"2,25,874 Ratings & 16,305 Reviews",6.0,128.0,5000,6.6,50MP
Samsung,Samsung Galaxy F62,"₹23,999",4.2,"91,899 Ratings & 10,963 Reviews",6.0,128.0,7000,6.7,64MP
Samsung,Samsung S25 Ultra 5G,"₹1,24,999",4.7,311 Ratings & 21 Reviews,12.0,256.0,5000,6.9,200MP
Samsung,Samsung Galaxy Z Fold6 5G,"₹2,00,999",4.3,176 Ratings & 11 Reviews,12.0,,4400,7.6,50MP
Samsung,Samsung Galaxy F41,"₹14,499",4.3,"3,94,228 Ratings & 41,560 Reviews",6.0,128.0,6000,6.4,64MP
Samsung,Samsung S25 Ultra 5G,"₹1,24,999",4.7,311 Ratings & 21 Reviews,12.0,256.0,5000,6.9,200MP
Samsung,Samsung Galaxy Z Fold6 5G,"₹2,00,999",4.3,176 Ratings & 11 Reviews,12.0,,4400,7.6,50MP
Samsung,Samsung Galaxy F41,"₹14,499",4.3,"3,94,228 Ratings & 41,560 Reviews",6.0,128.0,6000,6.4,64MP
Samsung,Samsung Galaxy F41,"₹14,499",4.3,"3,94,228 Ratings & 41,560 Reviews",6.0,128.0,6000,6.4,64MP
Samsung,Samsung Galaxy S21 FE 5G with Snapdragon 888,"₹45,999",4.3,"1,53,418 Ratings & 14,093 Reviews",8.0,128.0,4500,6.4,12MP
Samsung,Samsung A26 5G,"₹28,399",,,8.0,256.0,5000,6.7,50MP
Samsung,Samsung Galaxy F23 5G,"₹13,499",4.2,"49,472 Ratings & 3,569 Reviews",4.0,128.0,5000,6.6,50MP
Samsung,Samsung m16,"₹13,490",,,4.0,128.0,5000,6.7,50MP
Samsung,Samsung Galaxy Z Fold4 5G,"₹84,999",3.3,103 Ratings & 9 Reviews,12.0,512.0,4400,7.6,50MP
Samsung,Samsung Galaxy Z Fold4 5G,"₹74,999",3.3,103 Ratings & 9 Reviews,12.0,256.0,4400,7.6,50MP
Samsung,Samsung S25 5G,"₹73,999",,,12.0,256.0,4000,6.0,50MP
Samsung,Samsung Galaxy Z Fold4 5G,"₹84,999",3.3,103 Ratings & 9 Reviews,12.0,512.0,4400,7.6,50MP
Samsung,Samsung Galaxy F41,"₹14,499",4.3,"3,94,228 Ratings & 41,560 Reviews",6.0,128.0,6000,6.4,64MP
Samsung,Samsung 1200,,3.1,"5,383 Ratings & 365 Reviews",,,800,1.5,3MP
Samsung,Samsung Galaxy A14 5G,"₹9,999",4.2,"46,893 Ratings & 2,098 Reviews",4.0,64.0,5000,6.6,50MP
Samsung,Samsung Galaxy A17 5G,"₹20,999",4.3,177 Ratings & 8 Reviews,6.0,128.0,5000,6.7,50MP
Samsung,Samsung Galaxy M16 5G,"₹10,500",4.1,466 Ratings & 15 Reviews,4.0,128.0,5000,6.7,50MP
Samsung,Samsung Galaxy M16 5G,"₹11,999",4.3,211 Ratings & 9 Reviews,8.0,128.0,5000,6.7,50MP
Samsung,Samsung Galaxy M16 5G,"₹12,999",4.3,211 Ratings & 9 Reviews,8.0,128.0,5000,6.7,50MP
Samsung,Samsung Galaxy A06 5G,"₹9,990",4.1,"2,009 Ratings & 127 Reviews",4.0,,5000,6.7,50MP
Samsung,Samsung Galaxy M56 5G,"₹27,890",4.4,522 Ratings & 35 Reviews,8.0,256.0,5000,6.7,50MP
Samsung,Samsung Galaxy F14,"₹8,796",4.2,73 Ratings & 4 Reviews,4.0,64.0,5000,6.7,50MP
Samsung,Samsung Galaxy M14 4G,"₹7,500",4.1,"3,299 Ratings & 129 Reviews",4.0,64.0,6000,6.6,50MP
Samsung,Samsung Galaxy M14 4G,"₹7,578",4.1,"3,299 Ratings & 129 Reviews",4.0,64.0,6000,6.6,50MP
Samsung,Samsung Galaxy S23 FE,"₹32,650",4.4,"74,853 Ratings & 4,431 Reviews",8.0,128.0,4500,6.4,50MP
Samsung,Samsung Galaxy On6,"₹10,599",4.4,"1,01,214 Ratings & 9,208 Reviews",4.0,64.0,3000,5.6,13MP
Samsung,Samsung Galaxy Z Flip3 5G,"₹69,999",4.2,"9,610 Ratings & 601 Reviews",8.0,128.0,3300,6.7,12MP
Samsung,Samsung Galaxy M55 5G,"₹23,490",3.6,221 Ratings & 12 Reviews,8.0,256.0,5000,6.7,50MP
Samsung,Samsung Galaxy M11,"₹9,999",4.2,"9,973 Ratings & 764 Reviews",4.0,64.0,5000,6.4,13MP
Samsung,Samsung Galaxy F36 5G,"₹20,499",4.2,"3,615 Ratings & 257 Reviews",8.0,256.0,5000,6.7,50MP
Samsung,Samsung Galaxy A16 5G,"₹18,162",4.2,"3,729 Ratings & 203 Reviews",8.0,256.0,5000,6.7,50MP
Samsung,Samsung Galaxy A16 5G,"₹16,861",4.2,"3,729 Ratings & 203 Reviews",8.0,256.0,5000,6.7,50MP
Samsung,Samsung Galaxy A03,"₹7,109",4.1,"1,144 Ratings & 64 Reviews",3.0,32.0,5000,6.5,48MP
Samsung,Samsung Galaxy A06 5G,"₹10,023",4.1,"2,009 Ratings & 127 Reviews",4.0,128.0,5000,6.7,50MP
Samsung,Samsung Galaxy M34 5G,"₹13,999",4.2,"3,371 Ratings & 219 Reviews",6.0,128.0,6000,6.5,50MP
Samsung,Samsung Galaxy M15 5G,"₹11,904",4.3,"3,660 Ratings & 165 Reviews",6.0,128.0,6000,6.5,50MP
Samsung,Samsung galaxy M15 5G,"₹11,999",4.3,"3,660 Ratings & 165 Reviews",6.0,128.0,6000,6.5,50MP
Samsung,Samsung Galaxy F15 5G,"₹14,647",4.2,"35,681 Ratings & 2,640 Reviews",6.0,128.0,6000,6.5,50MP
Samsung,Samsung Galaxy M15 5G,"₹10,994",4.2,554 Ratings & 33 Reviews,4.0,128.0,6000,6.5,50MP
Samsung,Samsung Galaxy M55 5G,"₹22,949",3.6,221 Ratings & 12 Reviews,8.0,128.0,5000,6.7,50MP
Samsung,Samsung Galaxy M34 5G without charger,"₹13,999",4.3,"5,731 Ratings & 354 Reviews",6.0,128.0,6000,6.5,50MP
Samsung,Samsung Galaxy M14 5G,"₹12,599",4.2,"27,832 Ratings & 1,607 Reviews",6.0,128.0,6000,6.6,50MP
Samsung,Samsung Galaxy S24 Exynos 5G,"₹89,999",4.6,"8,298 Ratings & 438 Reviews",8.0,512.0,4000,6.2,50MP
Samsung,Samsung Galaxy A04e,"₹8,499",4.0,102 Ratings & 2 Reviews,4.0,128.0,5000,6.5,13MP
Samsung,Samsung Galaxy F55 5G,"₹17,999",4.0,"3,127 Ratings & 252 Reviews",8.0,128.0,5000,6.7,50MP
Samsung,Samsung Galaxy M15 5G,"₹11,249",4.3,"3,660 Ratings & 165 Reviews",6.0,128.0,6000,6.5,50MP
Samsung,Samsung Galaxy A14 5G,"₹12,995",4.2,"46,893 Ratings & 2,098 Reviews",4.0,128.0,5000,6.6,50MP
Samsung,Samsung galaxy M15 5G,"₹12,235",4.1,294 Ratings & 17 Reviews,8.0,128.0,6000,6.5,50MP
Samsung,Samsung Galaxy A32,"₹21,999",4.1,"2,563 Ratings & 198 Reviews",6.0,128.0,5000,6.4,64MP
Samsung,Samsung Galaxy A16 5G,"₹15,476",4.2,"3,729 Ratings & 203 Reviews",8.0,128.0,5000,6.7,50MP
Samsung,Samsung Galaxy A04s,"₹8,845",4.2,261 Ratings & 14 Reviews,4.0,64.0,5000,6.5,50MP
Samsung,Samsung Galaxy A03,"₹8,387",4.1,"1,144 Ratings & 64 Reviews",3.0,32.0,5000,6.5,48MP
Samsung,Samsung Galaxy A16 5G,"₹15,390",4.2,"3,729 Ratings & 203 Reviews",8.0,128.0,5000,6.7,50MP
Samsung,Samsung M15 5G Prime Edition,"₹11,868",4.3,70 Ratings & 2 Reviews,4.0,128.0,6000,6.5,50MP
Samsung,Samsung M02s,"₹10,091",4.2,"1,332 Ratings & 79 Reviews",3.0,32.0,5000,6.5,13MP
Samsung,Samsung Galaxy A04,"₹7,928",3.8,245 Ratings & 11 Reviews,4.0,64.0,5000,6.5,50MP
Samsung,Samsung Galaxy A16 5G,"₹20,999",4.2,"3,729 Ratings & 203 Reviews",8.0,256.0,5000,6.7,50MP
Samsung,Samsung Galaxy F56 5G,"₹27,999",4.4,216 Ratings & 13 Reviews,8.0,256.0,5000,6.7,50MP
Samsung,Samsung Galaxy F13,"₹10,499",4.3,"2,11,483 Ratings & 11,681 Reviews",4.0,128.0,6000,6.6,50MP
Samsung,Samsung M15,"₹10,999",4.2,296 Ratings & 15 Reviews,4.0,128.0,6000,6.5,50MP
Samsung,Samsung Galaxy S23 FE,"₹38,999",4.4,"74,853 Ratings & 4,431 Reviews",8.0,128.0,4500,6.4,50MP
Samsung,Samsung Galaxy A14 5G,"₹10,999",4.2,"46,893 Ratings & 2,098 Reviews",4.0,128.0,5000,6.6,50MP
Samsung,Samsung Galaxy A15 5G,"₹14,928",4.3,"2,076 Ratings & 97 Reviews",6.0,128.0,5000,6.5,50MP
Samsung,Samsung Galaxy F15 5G,"₹16,447",4.2,"4,205 Ratings & 238 Reviews",8.0,128.0,6000,6.5,50MP
Samsung,Samsung Galaxy A16 5G,"₹24,399",4.2,"3,729 Ratings & 203 Reviews",8.0,256.0,5000,6.7,50MP
Samsung,Samsung Galaxy M32 5G,"₹18,499",4.1,"1,583 Ratings & 83 Reviews",8.0,128.0,6000,6.5,48MP
Samsung,Samsung Galaxy M51,"₹29,999",4.4,922 Ratings & 62 Reviews,8.0,128.0,7000,6.7,64MP
Samsung,Samsung M15 5G Prime Edition,"₹11,794",4.3,70 Ratings & 2 Reviews,4.0,128.0,6000,6.5,50MP
Samsung,Samsung M15 5G Prime Edition,"₹15,999",4.3,8 Ratings & 0 Reviews,8.0,128.0,6000,6.5,50MP
Samsung,Samsung Galaxy S9,"₹62,500",4.4,"30,763 Ratings & 2,508 Reviews",4.0,64.0,3000,5.8,12MP
Samsung,Samsung M02s,"₹11,499",4.2,"1,291 Ratings & 93 Reviews",4.0,64.0,5000,6.5,13MP
Samsung,Samsung Galaxy F02s,"₹6,619",4.2,"4,570 Ratings & 365 Reviews",3.0,32.0,5000,6.515,13MP
